,GameId,Team,Home,Score,AST,TOV,STL,BLK,Rebounds,ORB,DRB,FGA,FGM,3FGM,3FGA,FTA,FTM,Fouls
0,1,Virginia Tech Hokies,1,81,19,7,5,1,24,2,22,55,33,11,18,5,4,13
1,1,Notre Dame Fighting Irish,0,66,13,11,2,5,30,13,17,56,23,13,34,13,7,10
2,2,North Carolina State Wolfpack,0,87,17,16,4,3,50,17,33,68,31,11,30,18,14,23
3,2,Miami (FL) Hurricanes,1,82,12,7,7,1,27,9,18,61,28,10,25,29,16,14
4,3,Duke Blue Devils,1,87,16,12,13,6,39,12,27,67,32,7,23,21,16,15
5,3,Clemson Tigers,0,68,14,16,6,2,35,9,26,63,27,6,15,12,8,16
6,4,Virginia Tech Hokies,1,77,13,11,5,2,31,8,23,54,25,6,22,25,21,18
7,4,Boston College Eagles,0,66,10,12,4,2,25,5,20,48,19,8,27,25,20,22
8,5,Notre Dame Fighting Irish,1,62,16,10,3,7,35,9,26,58,20,11,33,17,11,12
9,5,Syracuse Orange,0,72,11,9,4,3,43,13,30,68,28,12,29,5,4,15
10,6,North Carolina Tar Heels,0,85,24,11,8,7,49,16,33,74,32,10,24,17,11,24
11,6,Pittsburgh Panthers,1,60,7,15,7,7,37,11,26,62,19,2,19,32,20,19
12,7,Wake Forest Demon Deacons,0,79,10,13,6,2,28,11,17,68,27,9,22,22,16,23
13,7,Georgia Tech Yellow Jackets,1,92,20,12,11,8,27,5,22,52,29,6,20,34,28,19
14,8,Florida State Seminoles,0,52,8,13,9,6,29,6,23,44,15,6,23,27,16,19
15,8,Virginia Cavaliers,1,65,12,10,4,2,32,6,26,52,21,7,16,18,16,16
16,9,Louisville Cardinals,1,90,19,7,1,1,38,14,24,69,33,13,31,15,11,16
17,9,Miami (FL) Hurricanes,0,73,7,12,4,0,34,10,24,56,24,10,26,20,15,16
18,10,Wake Forest Demon Deacons,1,65,6,15,5,0,31,15,16,65,22,4,18,28,17,16
19,10,Duke Blue Devils,0,87,24,17,7,13,39,12,27,62,36,7,23,16,8,22
20,11,North Carolina State Wolfpack,1,82,17,13,12,8,28,8,20,73,31,8,28,17,12,21
21,11,North Carolina Tar Heels,0,90,20,23,4,5,47,12,35,64,29,10,25,26,22,20
22,12,Georgia Tech Yellow Jackets,1,49,12,18,5,4,29,2,27,38,17,6,16,16,9,22
23,12,Virginia Tech Hokies,0,52,12,8,3,2,30,9,21,57,17,5,27,19,13,15
24,13,Syracuse Orange,1,61,12,15,5,7,31,5,26,48,20,6,26,23,15,16
25,13,Clemson Tigers,0,53,14,16,7,2,32,9,23,53,19,5,20,17,10,22
26,14,Pittsburgh Panthers,1,89,15,12,6,6,28,6,22,61,32,9,20,33,16,26
27,14,Louisville Cardinals,0,86,17,18,2,5,37,11,26,68,31,7,28,23,17,24
28,15,Florida State Seminoles,1,68,15,9,7,3,38,11,27,64,27,6,26,13,8,20
29,15,Miami (FL) Hurricanes,0,62,10,12,3,0,29,8,21,54,20,4,18,22,18,15
30,16,Virginia Cavaliers,0,83,17,10,5,6,38,7,31,55,33,8,19,14,9,16
31,16,Boston College Eagles,1,56,6,8,4,0,18,4,14,57,22,7,25,9,5,12
32,17,Notre Dame Fighting Irish,1,69,11,10,7,5,40,11,29,61,21,7,26,23,20,15
33,17,Boston College Eagles,0,66,9,12,4,3,41,11,30,65,26,6,21,10,8,19
34,18,Virginia Cavaliers,0,63,11,8,4,2,46,10,36,57,23,10,23,12,7,13
35,18,Clemson Tigers,1,43,5,7,7,2,36,8,28,54,14,3,19,17,12,14
36,19,Pittsburgh Panthers,0,80,13,16,8,4,30,7,23,55,25,6,13,28,24,21
37,19,North Carolina State Wolfpack,1,86,16,13,9,6,38,15,23,71,30,7,20,25,19,19
38,20,North Carolina Tar Heels,1,62,13,14,9,3,26,11,15,58,20,3,22,27,19,21
39,20,Louisville Cardinals,0,83,17,14,8,0,36,7,29,54,28,11,26,26,16,20
40,21,Duke Blue Devils,0,80,14,14,7,3,27,9,18,65,30,11,24,15,9,15
41,21,Florida State Seminoles,1,78,16,17,8,7,36,16,20,62,25,8,25,24,20,14
42,22,Miami (FL) Hurricanes,1,76,16,15,5,5,36,6,30,48,23,11,25,23,19,12
43,22,Wake Forest Demon Deacons,0,65,11,12,7,0,33,14,19,73,25,7,33,9,8,20
44,23,Georgia Tech Yellow Jackets,0,73,16,21,15,4,28,6,22,42,25,6,12,27,17,17
45,23,Syracuse Orange,1,59,13,17,10,4,25,10,15,57,18,7,33,21,16,19
46,24,Syracuse Orange,0,95,13,14,3,5,44,11,33,80,35,11,25,19,14,20
47,24,Duke Blue Devils,1,91,21,11,8,12,48,14,34,80,31,9,43,27,20,20
48,25,Florida State Seminoles,0,62,8,12,7,8,38,14,24,58,20,2,22,27,20,31
49,25,Pittsburgh Panthers,1,75,8,12,7,6,34,7,27,46,16,5,17,46,38,19
50,26,North Carolina State Wolfpack,0,67,10,9,8,4,39,18,21,73,27,6,29,9,7,22
51,26,Wake Forest Demon Deacons,1,71,10,11,8,4,41,12,29,52,23,2,11,28,23,14
52,27,Virginia Tech Hokies,0,59,10,9,6,1,19,6,13,44,19,7,21,17,14,10
53,27,Virginia Cavaliers,1,81,18,9,4,2,27,8,19,53,31,13,24,6,6,10
54,28,Notre Dame Fighting Irish,0,69,13,11,2,8,36,7,29,61,25,10,28,14,9,16
55,28,North Carolina Tar Heels,1,75,15,11,6,2,47,16,31,68,27,9,21,20,12,15
56,29,Louisville Cardinals,1,80,16,12,6,2,41,12,29,62,29,12,29,14,10,11
57,29,Boston College Eagles,0,70,14,12,6,3,30,6,24,60,27,7,23,12,9,15
58,30,Georgia Tech Yellow Jackets,0,60,7,11,6,7,18,2,16,44,21,4,11,21,14,17
59,30,Clemson Tigers,1,72,13,9,5,2,28,7,21,53,27,7,16,14,11,18
60,31,Virginia Cavaliers,0,70,8,8,4,4,27,6,21,53,28,3,17,17,11,20
61,31,Duke Blue Devils,1,72,6,8,5,1,30,8,22,51,26,2,14,31,18,18
62,32,Miami (FL) Hurricanes,1,76,13,11,7,2,23,6,17,55,27,9,21,18,13,15
63,32,North Carolina Tar Heels,0,85,26,15,7,1,36,11,25,60,33,9,20,14,10,19
64,33,Notre Dame Fighting Irish,1,73,15,9,4,4,37,9,28,59,24,7,28,24,18,18
65,33,North Carolina State Wolfpack,0,77,15,7,4,3,42,13,29,69,30,7,19,15,10,19
66,34,Syracuse Orange,1,74,17,14,8,10,30,7,23,54,25,12,26,23,12,14
67,34,Pittsburgh Panthers,0,63,8,16,4,2,39,15,24,65,22,11,35,14,8,23
68,35,Wake Forest Demon Deacons,0,71,8,14,3,0,30,12,18,48,18,8,24,38,27,18
69,35,Virginia Tech Hokies,1,87,15,11,8,4,22,4,18,51,29,11,26,22,18,24
70,36,Louisville Cardinals,0,79,21,11,5,2,41,9,32,66,31,7,24,14,10,22
71,36,Georgia Tech Yellow Jackets,1,51,13,17,6,6,29,6,23,50,19,1,10,24,12,17
72,37,Florida State Seminoles,0,82,12,9,4,4,36,16,20,67,28,8,25,24,18,25
73,37,Boston College Eagles,1,87,16,13,6,4,33,10,23,55,27,13,21,28,20,20
74,38,North Carolina Tar Heels,1,103,25,12,9,2,32,10,22,67,36,16,34,17,15,13
75,38,Virginia Tech Hokies,0,82,21,15,8,1,30,10,20,61,27,13,28,16,15,18
76,39,Florida State Seminoles,1,77,14,8,1,1,28,5,23,55,25,10,22,21,17,15
77,39,Clemson Tigers,0,68,13,11,1,1,31,6,25,58,26,5,17,14,11,17
78,40,Notre Dame Fighting Irish,0,61,15,13,9,4,34,15,19,65,21,7,30,15,12,12
79,40,Georgia Tech Yellow Jackets,1,63,11,14,8,2,29,7,22,52,24,5,19,15,10,15
80,41,Virginia Cavaliers,1,68,14,7,6,6,39,12,27,57,22,7,21,21,17,15
81,41,Wake Forest Demon Deacons,0,45,10,10,5,3,33,10,23,55,17,6,24,7,5,18
82,42,Pittsburgh Panthers,1,64,6,14,5,3,30,8,22,53,22,3,15,20,17,17
83,42,Duke Blue Devils,0,79,15,12,9,7,35,14,21,65,28,7,23,20,16,17
84,43,North Carolina State Wolfpack,0,77,14,23,6,2,36,13,23,65,30,12,27,7,5,23
85,43,Louisville Cardinals,1,84,13,15,5,3,24,6,18,53,26,8,23,29,24,12
86,44,Miami (FL) Hurricanes,0,53,11,12,4,1,32,10,22,59,20,8,29,6,5,7
87,44,Syracuse Orange,1,73,22,6,7,11,27,4,23,53,26,14,30,8,7,8
88,45,Georgia Tech Yellow Jackets,0,53,11,18,10,3,32,9,23,58,24,3,10,6,2,17
89,45,Duke Blue Devils,1,66,14,12,13,7,38,11,27,58,24,2,21,19,16,13
90,46,Virginia Cavaliers,0,82,12,2,2,5,44,10,34,67,35,8,18,7,4,9
91,46,Notre Dame Fighting Irish,1,55,10,7,1,3,29,8,21,61,22,8,29,8,3,8
92,47,Pittsburgh Panthers,0,51,8,17,4,4,33,7,26,54,19,6,21,13,7,19
93,47,Louisville Cardinals,1,66,14,12,8,4,37,7,30,56,22,8,23,16,14,15
94,48,Clemson Tigers,0,67,5,15,8,4,33,10,23,51,25,0,7,26,17,16
95,48,North Carolina State Wolfpack,1,69,11,15,3,0,26,7,19,54,24,9,24,13,12,21
96,49,Wake Forest Demon Deacons,1,61,12,16,2,3,38,9,29,56,25,5,23,6,6,10
97,49,Boston College Eagles,0,65,17,6,6,2,28,9,19,65,27,7,23,10,4,13
98,50,Virginia Tech Hokies,1,78,23,12,4,2,29,7,22,48,25,14,30,20,14,15
99,50,Syracuse Orange,0,56,7,14,8,2,23,8,15,55,20,9,28,14,7,17
100,51,Miami (FL) Hurricanes,1,66,11,9,5,3,23,5,18,55,23,7,29,18,13,17
101,51,Florida State Seminoles,0,78,20,14,5,4,32,5,27,50,28,12,20,14,10,17
102,52,Notre Dame Fighting Irish,1,61,9,9,7,3,32,14,18,66,23,8,24,9,7,14
103,52,Duke Blue Devils,0,83,13,8,8,6,39,13,26,59,32,10,19,16,9,15
104,53,Virginia Cavaliers,0,66,15,15,2,6,36,10,26,52,24,4,10,19,14,22
105,53,North Carolina State Wolfpack,1,65,10,8,8,4,24,10,14,64,22,7,26,21,14,16
106,54,Georgia Tech Yellow Jackets,1,54,15,15,8,7,32,6,26,60,21,2,16,13,10,12
107,54,North Carolina Tar Heels,0,77,21,15,10,2,37,5,32,61,29,13,27,11,6,13
108,55,Clemson Tigers,1,82,17,14,4,7,29,5,24,47,26,14,27,21,16,19
109,55,Pittsburgh Panthers,0,69,2,12,7,1,23,8,15,53,24,8,22,21,13,21
110,56,Virginia Tech Hokies,0,82,13,15,11,3,26,2,24,51,30,9,19,15,13,14
111,56,Miami (FL) Hurricanes,1,70,14,16,11,1,22,4,18,56,23,12,33,14,12,12
112,57,Syracuse Orange,0,77,11,11,6,1,23,7,16,52,29,11,26,15,8,19
113,57,Boston College Eagles,1,71,13,11,5,0,23,6,17,45,21,9,22,23,20,19
114,58,Louisville Cardinals,0,82,16,11,6,3,39,9,30,56,29,10,24,18,14,17
115,58,Wake Forest Demon Deacons,1,54,3,11,6,2,32,15,17,68,18,2,20,19,16,16
116,59,North Carolina Tar Heels,0,79,16,10,7,3,47,16,31,69,29,6,24,19,15,15
117,59,Louisville Cardinals,1,69,14,11,4,3,31,7,24,62,26,10,29,9,7,16
118,60,Virginia Tech Hokies,0,47,8,10,8,3,37,10,27,45,16,7,21,13,8,11
119,60,North Carolina State Wolfpack,1,24,2,10,5,3,32,13,19,54,9,2,28,6,4,16
120,61,Georgia Tech Yellow Jackets,0,49,5,14,3,2,30,9,21,60,17,3,21,14,12,23
121,61,Florida State Seminoles,1,59,10,14,5,5,35,6,29,46,16,4,16,30,23,19
122,62,Notre Dame Fighting Irish,0,79,10,9,3,3,25,4,21,51,27,10,20,18,15,13
123,62,Boston College Eagles,1,73,17,9,4,2,34,14,20,67,31,7,23,8,4,13
124,63,Miami (FL) Hurricanes,0,46,6,7,6,2,23,5,18,50,17,4,21,15,8,14
125,63,Virginia Cavaliers,1,56,16,14,5,6,40,10,30,52,22,6,17,10,6,10
126,64,Pittsburgh Panthers,1,56,14,11,6,1,37,16,21,57,18,5,22,22,15,17
127,64,Syracuse Orange,0,65,11,9,7,6,34,10,24,53,22,7,22,17,14,17
128,65,Wake Forest Demon Deacons,0,37,8,15,4,3,35,15,20,59,14,3,22,8,6,14
129,65,Clemson Tigers,1,64,13,11,8,10,30,7,23,53,25,6,18,11,8,12
130,66,Virginia Tech Hokies,1,64,13,12,4,5,24,4,20,45,20,9,24,21,15,14
131,66,Louisville Cardinals,0,72,14,15,3,0,30,10,20,53,24,13,27,12,11,16
132,67,Boston College Eagles,0,55,9,14,1,0,30,5,25,56,20,6,17,11,9,15
133,67,Duke Blue Devils,1,80,14,7,9,9,41,14,27,65,29,7,24,22,15,13
134,68,Pittsburgh Panthers,0,76,15,9,9,4,32,14,18,69,29,8,21,18,10,15
135,68,Wake Forest Demon Deacons,1,78,16,18,4,6,41,14,27,64,27,9,24,20,15,17
136,69,North Carolina Tar Heels,1,113,26,17,7,7,38,11,27,66,37,8,21,37,31,23
137,69,North Carolina State Wolfpack,0,96,17,11,9,6,22,10,12,74,37,7,17,24,15,28
138,70,Syracuse Orange,1,62,7,19,9,7,27,9,18,51,21,5,20,24,15,14
139,70,Florida State Seminoles,0,80,25,21,11,3,31,8,23,55,30,11,22,12,9,21
140,71,Georgia Tech Yellow Jackets,1,42,8,16,6,8,24,6,18,43,13,4,12,16,12,11
141,71,Clemson Tigers,0,65,17,10,7,7,34,7,27,55,27,6,17,10,5,15
142,72,Miami (FL) Hurricanes,1,62,8,10,10,1,38,11,27,62,27,4,22,5,4,13
143,72,Notre Dame Fighting Irish,0,47,7,14,6,1,31,7,24,56,18,4,28,7,7,10
144,73,Miami (FL) Hurricanes,0,85,14,15,6,3,35,9,26,68,32,14,31,7,7,16
145,73,North Carolina Tar Heels,1,88,15,10,9,4,29,3,26,66,31,13,26,17,13,13
146,74,Clemson Tigers,1,59,13,12,6,12,28,5,23,46,19,11,28,13,10,18
147,74,Virginia Tech Hokies,0,51,7,11,7,0,26,8,18,45,10,4,18,11,10,12
148,75,North Carolina State Wolfpack,0,79,17,10,7,4,34,18,16,64,26,14,27,21,13,16
149,75,Pittsburgh Panthers,1,76,11,15,6,8,34,11,23,55,26,8,19,19,16,20
150,76,Boston College Eagles,0,56,12,16,4,1,30,10,20,54,18,7,23,19,13,20
151,76,Syracuse Orange,1,67,10,11,12,6,32,9,23,53,22,7,19,20,16,16
152,77,Louisville Cardinals,0,75,12,23,1,1,33,7,26,52,25,12,28,16,13,28
153,77,Florida State Seminoles,1,80,6,8,11,2,31,12,19,61,23,7,23,36,27,21
154,78,Virginia Cavaliers,1,71,15,13,8,5,25,11,14,60,28,10,24,7,5,17
155,78,Duke Blue Devils,0,81,18,15,12,5,24,7,17,45,26,13,21,23,16,9
156,79,Georgia Tech Yellow Jackets,0,59,13,12,7,7,33,10,23,54,22,7,23,13,8,17
157,79,Notre Dame Fighting Irish,1,69,12,8,8,2,43,18,25,64,21,6,27,25,21,14
158,80,North Carolina Tar Heels,1,61,17,7,2,3,37,15,22,65,23,9,30,7,6,14
159,80,Virginia Cavaliers,0,69,16,8,5,6,26,3,23,45,24,11,20,18,10,11
160,81,Boston College Eagles,1,66,14,16,5,7,42,12,30,52,24,8,18,19,10,16
161,81,Pittsburgh Panthers,0,57,13,10,10,2,37,14,23,69,20,10,37,12,7,18
162,82,Louisville Cardinals,1,69,17,17,6,3,38,9,29,60,25,9,27,13,10,17
163,82,Duke Blue Devils,0,71,10,11,12,2,39,11,28,63,23,7,28,24,18,17
164,83,Clemson Tigers,0,64,8,11,5,2,34,6,28,55,23,3,19,15,15,17
165,83,Miami (FL) Hurricanes,1,65,9,7,3,4,26,5,21,54,21,10,25,17,13,16
166,84,Florida State Seminoles,1,88,21,9,7,6,41,12,29,62,35,10,26,16,8,16
167,84,Wake Forest Demon Deacons,0,66,13,9,3,3,25,5,20,57,22,11,25,17,11,16
168,85,North Carolina State Wolfpack,1,73,19,20,10,4,37,5,32,49,24,5,18,24,20,17
169,85,Syracuse Orange,0,58,8,12,10,3,28,10,18,60,21,5,25,22,11,19
170,86,Georgia Tech Yellow Jackets,0,68,15,10,2,4,26,7,19,53,23,11,27,13,11,14
171,86,Virginia Tech Hokies,1,76,20,9,7,3,23,7,16,53,25,13,30,18,13,16
172,87,North Carolina State Wolfpack,0,78,16,12,8,3,23,4,19,66,33,6,19,11,6,19
173,87,Duke Blue Devils,1,94,21,12,9,7,43,14,29,66,35,3,16,28,21,16
174,88,Wake Forest Demon Deacons,1,57,8,20,2,4,32,14,18,67,22,4,23,13,9,9
175,88,North Carolina Tar Heels,0,95,21,15,13,6,34,7,27,61,38,16,25,11,3,19
176,89,Louisville Cardinals,1,56,8,12,5,3,28,3,25,54,19,6,19,14,12,12
177,89,Clemson Tigers,0,55,8,17,5,2,39,10,29,57,22,6,13,7,5,17
178,90,Virginia Cavaliers,1,60,12,8,5,4,35,6,29,52,19,8,23,17,14,6
179,90,Notre Dame Fighting Irish,0,54,8,7,6,3,31,5,26,55,19,8,30,8,8,13
180,91,Florida State Seminoles,0,69,17,14,7,6,48,10,38,64,25,9,30,14,10,17
181,91,Georgia Tech Yellow Jackets,1,47,9,14,7,3,37,6,31,59,16,8,23,11,7,10
182,92,Virginia Tech Hokies,0,70,14,14,6,1,27,6,21,41,21,10,21,26,18,24
183,92,Pittsburgh Panthers,1,64,11,15,7,2,22,6,16,43,20,6,22,27,18,22
184,93,Boston College Eagles,1,64,11,14,5,2,40,10,30,54,24,6,15,12,10,12
185,93,Miami (FL) Hurricanes,0,57,11,9,5,2,26,8,18,60,22,4,26,12,9,15
186,94,Virginia Cavaliers,0,64,14,13,5,4,27,6,21,50,23,11,27,12,7,15
187,94,Virginia Tech Hokies,1,58,9,8,9,2,26,11,15,58,23,3,28,13,9,12
188,95,Notre Dame Fighting Irish,1,68,16,10,5,4,25,6,19,51,23,8,26,18,14,19
189,95,Wake Forest Demon Deacons,0,75,19,14,7,2,34,10,24,53,26,8,18,22,15,16
190,96,Clemson Tigers,1,64,11,11,5,4,28,7,21,60,23,8,23,16,10,18
191,96,Florida State Seminoles,0,77,12,12,4,4,40,8,32,60,29,7,18,17,12,21
192,97,North Carolina State Wolfpack,1,89,14,13,11,0,36,15,21,67,29,9,25,26,22,18
193,97,Boston College Eagles,0,80,13,16,4,4,37,14,23,64,30,11,29,15,9,19
194,98,Syracuse Orange,1,69,12,12,5,5,39,9,30,57,22,11,30,16,14,14
195,98,Louisville Cardinals,0,49,9,13,7,2,36,10,26,54,14,6,28,18,15,16
196,99,North Carolina Tar Heels,0,88,20,14,10,2,45,9,36,75,38,2,20,14,10,15
197,99,Duke Blue Devils,1,72,9,20,11,8,37,11,26,72,25,8,39,19,14,17
198,100,Pittsburgh Panthers,0,65,12,8,8,1,31,14,17,57,19,7,20,38,20,20
199,100,Georgia Tech Yellow Jackets,1,73,13,12,4,12,34,6,28,48,24,7,19,24,18,24
200,101,Syracuse Orange,1,65,12,5,9,5,37,17,20,70,24,5,23,19,12,16
201,101,Duke Blue Devils,0,75,16,13,2,6,38,11,27,59,26,9,29,16,14,16
202,102,Virginia Cavaliers,0,64,12,4,2,7,35,6,29,56,26,2,17,10,10,12
203,102,Louisville Cardinals,1,52,10,5,2,3,26,5,21,55,17,12,33,8,6,12
204,103,Clemson Tigers,1,76,15,12,8,3,30,6,24,52,27,8,17,18,14,11
205,103,Boston College Eagles,0,66,8,13,3,1,32,12,20,61,25,7,25,13,9,16
206,104,Miami (FL) Hurricanes,1,80,20,10,10,4,32,12,20,58,27,9,25,19,17,16
207,104,Georgia Tech Yellow Jackets,0,65,13,14,6,3,27,7,20,58,25,7,21,12,8,18
208,105,North Carolina Tar Heels,1,77,11,10,3,3,42,8,34,61,26,7,20,25,18,15
209,105,Florida State Seminoles,0,59,13,10,6,8,31,6,25,59,18,10,31,16,13,18
210,106,Virginia Tech Hokies,0,67,8,15,5,2,45,16,29,52,19,5,18,31,24,18
211,106,Notre Dame Fighting Irish,1,59,9,10,9,2,26,8,18,58,19,6,26,16,15,25
212,107,Wake Forest Demon Deacons,0,74,12,9,4,2,30,8,22,59,23,7,21,20,14,19
213,107,North Carolina State Wolfpack,1,94,19,9,5,7,44,14,30,67,31,11,30,30,21,20
214,108,Notre Dame Fighting Irish,0,61,9,9,10,4,23,4,19,56,22,8,21,13,9,14
215,108,Florida State Seminoles,1,68,12,14,3,4,34,9,25,56,25,6,19,17,12,12
216,109,Virginia Tech Hokies,1,77,12,5,6,1,26,6,20,50,23,8,26,29,23,15
217,109,Duke Blue Devils,0,72,11,12,1,4,29,7,22,50,25,7,21,19,15,20
218,110,Wake Forest Demon Deacons,1,76,12,13,4,1,40,14,26,61,24,9,26,23,19,22
219,110,Miami (FL) Hurricanes,0,75,15,9,10,5,31,8,23,54,20,11,31,29,24,15
220,111,Syracuse Orange,0,85,17,10,5,3,23,7,16,60,29,14,31,23,13,26
221,111,North Carolina Tar Heels,1,93,19,9,5,2,38,16,22,62,25,9,29,37,34,18
222,112,Pittsburgh Panthers,1,48,8,13,7,5,27,5,22,44,12,3,14,28,21,13
223,112,Clemson Tigers,0,62,18,13,6,6,32,4,28,52,22,10,26,9,8,23
224,113,Virginia Cavaliers,1,81,17,7,3,5,37,8,29,54,30,9,17,17,12,9
225,113,Georgia Tech Yellow Jackets,0,51,7,7,4,3,20,5,15,56,21,5,17,7,4,13
226,114,Boston College Eagles,1,66,12,4,6,4,36,7,29,61,22,6,21,24,16,13
227,114,Louisville Cardinals,0,59,10,12,3,1,47,14,33,67,22,5,24,13,10,17
228,115,North Carolina Tar Heels,0,81,19,14,5,3,38,10,28,63,26,13,33,24,16,17
229,115,Clemson Tigers,1,79,15,11,10,4,35,5,30,57,27,8,22,22,17,20
230,116,Florida State Seminoles,1,78,9,16,4,9,35,10,25,54,26,3,13,30,23,18
231,116,North Carolina State Wolfpack,0,73,7,12,9,1,27,9,18,59,24,9,19,21,16,26
232,117,Syracuse Orange,0,79,13,14,15,5,27,9,18,57,31,4,19,18,13,16
233,117,Wake Forest Demon Deacons,1,54,10,22,9,1,28,10,18,52,17,8,23,16,12,18
234,118,Pittsburgh Panthers,0,49,12,15,6,2,23,5,18,44,17,6,19,13,9,18
235,118,Virginia Cavaliers,1,73,14,10,9,1,24,1,23,41,24,9,16,20,16,16
236,119,Miami (FL) Hurricanes,0,57,11,16,11,3,28,11,17,63,22,6,24,12,7,16
237,119,Duke Blue Devils,1,87,18,16,10,4,41,9,32,63,36,6,17,14,9,14
238,120,Louisville Cardinals,1,75,12,9,1,3,48,11,37,63,30,2,22,15,13,10
239,120,Notre Dame Fighting Irish,0,61,13,6,7,0,29,6,23,62,24,9,26,14,4,12
240,121,Georgia Tech Yellow Jackets,1,81,19,9,4,3,34,12,22,61,31,8,25,20,11,18
241,121,Boston College Eagles,0,78,20,6,5,6,34,13,21,66,32,3,17,15,11,18
242,122,Syracuse Orange,1,53,8,9,9,4,30,11,19,57,19,8,25,11,7,13
243,122,Virginia Cavaliers,0,79,21,11,7,8,32,6,26,51,28,18,25,11,5,16
244,123,Wake Forest Demon Deacons,0,70,8,9,3,1,36,9,27,71,28,7,23,12,7,22
245,123,Duke Blue Devils,1,71,10,15,3,7,38,9,29,58,24,7,22,26,16,14
246,124,Florida State Seminoles,1,73,12,7,6,1,31,8,23,58,22,10,36,22,19,15
247,124,Virginia Tech Hokies,0,64,11,14,3,0,37,7,30,53,22,8,27,15,12,21
248,125,Pittsburgh Panthers,0,63,13,15,4,1,32,7,25,48,21,9,25,23,12,19
249,125,Miami (FL) Hurricanes,1,76,14,8,8,0,34,11,23,63,27,8,24,18,14,16
250,126,Boston College Eagles,1,66,11,7,6,7,32,6,26,70,24,12,36,10,6,14
251,126,North Carolina Tar Heels,0,79,22,10,5,2,53,17,36,76,32,7,22,13,8,12
252,127,Clemson Tigers,0,64,9,9,4,5,32,5,27,54,24,3,12,18,13,15
253,127,Notre Dame Fighting Irish,1,62,12,8,5,2,37,9,28,55,20,7,25,20,15,14
254,128,North Carolina State Wolfpack,1,61,12,8,5,5,32,13,19,69,22,8,35,11,9,17
255,128,Georgia Tech Yellow Jackets,0,63,17,14,5,7,31,1,30,43,25,1,5,20,12,9
256,129,Miami (FL) Hurricanes,0,70,17,8,5,4,29,6,23,59,27,6,29,14,10,13
257,129,Virginia Tech Hokies,1,84,19,8,2,0,30,5,25,59,29,14,26,13,12,13
258,130,Louisville Cardinals,0,68,7,10,2,3,34,10,24,56,23,9,25,17,13,20
259,130,Virginia Cavaliers,1,73,13,4,7,6,25,8,17,57,23,12,28,21,15,15
260,131,Florida State Seminoles,0,65,11,8,6,6,43,11,32,56,24,6,21,21,11,23
261,131,Wake Forest Demon Deacons,1,57,4,7,4,0,41,13,28,61,16,3,17,29,22,21
262,132,Clemson Tigers,1,67,13,15,11,5,40,13,27,56,19,5,24,30,24,14
263,132,Syracuse Orange,0,55,8,17,8,4,27,6,21,48,18,6,19,17,13,21
264,133,Notre Dame Fighting Irish,0,53,15,10,0,5,34,7,27,52,17,9,26,15,10,15
265,133,Pittsburgh Panthers,1,56,14,8,6,2,31,10,21,58,22,8,22,8,4,15
266,134,North Carolina State Wolfpack,0,73,16,11,8,5,51,17,34,73,29,9,26,6,6,12
267,134,Boston College Eagles,1,47,8,11,5,5,36,11,25,60,16,3,19,16,12,8
268,135,Duke Blue Devils,0,70,15,12,5,7,43,15,28,73,25,8,32,17,12,12
269,135,North Carolina Tar Heels,1,79,16,10,5,8,43,12,31,74,30,12,31,13,7,14
270,136,Miami (FL) Hurricanes,1,79,12,11,7,3,31,8,23,53,27,7,16,25,18,19
271,136,Wake Forest Demon Deacons,0,71,10,14,4,2,31,9,22,57,27,7,16,16,10,19
272,137,Notre Dame Fighting Irish,0,78,16,7,3,5,34,11,23,57,27,8,14,23,16,10
273,137,Georgia Tech Yellow Jackets,1,71,16,6,4,5,28,8,20,60,31,7,20,7,2,17
274,138,Pittsburgh Panthers,0,80,8,10,5,7,37,11,26,55,26,5,14,32,23,21
275,138,Boston College Eagles,1,70,12,8,4,4,33,15,18,59,21,6,25,29,22,20
276,139,Clemson Tigers,0,58,13,11,3,3,37,13,24,62,22,9,23,8,5,15
277,139,North Carolina State Wolfpack,1,59,10,8,4,3,27,4,23,56,23,6,21,9,7,12
278,140,Miami (FL) Hurricanes,0,56,10,8,3,0,29,9,20,56,19,8,29,14,10,10
279,140,Virginia Tech Hokies,1,71,17,9,4,3,34,7,27,54,27,11,27,7,6,15
280,141,Notre Dame Fighting Irish,0,53,6,3,3,1,36,13,23,67,18,3,27,18,14,13
281,141,Louisville Cardinals,1,75,14,5,2,6,49,15,34,66,26,9,29,15,14,16
282,142,Pittsburgh Panthers,0,59,9,14,9,2,33,15,18,55,18,10,23,16,13,24
283,142,Syracuse Orange,1,73,14,13,11,6,33,12,21,53,23,12,27,21,15,16
284,143,North Carolina State Wolfpack,0,56,6,9,3,3,24,7,17,49,19,3,20,25,15,18
285,143,Virginia Cavaliers,1,76,18,7,7,1,29,5,24,48,25,10,21,22,16,19
286,144,Florida State Seminoles,1,65,14,13,5,3,38,8,30,57,22,12,31,11,9,17
287,144,Virginia Tech Hokies,0,63,11,9,7,3,28,6,22,59,26,4,19,13,7,12
288,145,Louisville Cardinals,0,70,18,11,2,2,33,5,28,66,27,11,36,8,5,20
289,145,North Carolina Tar Heels,1,83,16,9,5,4,37,7,30,65,30,7,20,21,16,17
290,146,Syracuse Orange,0,72,7,17,8,3,27,9,18,52,25,9,21,22,13,22
291,146,Duke Blue Devils,1,84,16,18,14,4,35,10,25,54,29,7,23,28,19,17
292,147,Florida State Seminoles,0,69,10,12,3,3,33,9,24,46,26,6,16,15,11,16
293,147,Virginia Cavaliers,1,59,8,7,5,2,18,6,12,53,22,5,24,13,10,17
294,148,Duke Blue Devils,0,74,15,12,6,6,34,9,25,65,31,5,20,13,7,16
295,148,North Carolina Tar Heels,1,73,13,8,5,0,38,15,23,73,29,4,26,15,11,15
296,149,Duke Blue Devils,1,73,11,12,8,6,32,6,26,55,27,2,14,21,17,17
297,149,Florida State Seminoles,0,63,8,12,5,5,30,12,18,63,20,8,20,16,15,16
